Model,Use Chain,R2 Score,MSE
BayesianRidge,Yes,0.9699813425625955,0.02181737661565722
BayesianRidge,No,0.9699808387766556,0.0218178067094965
LinearRegression,Yes,0.9699805694846209,0.021818019644603316
LinearRegression,No,0.9699805694846174,0.02181801964460372
ElasticNet,Yes,0.9699780493806872,0.021816326717068044
ElasticNet,No,0.969982112336523,0.021816748800167308
