Model,Use Chain,R2 Score,MSE
ElasticNet,Yes,0.941507089205805,0.020319611987182417
ElasticNet,No,0.9610846929904875,0.021322200179145483
BayesianRidge,Yes,0.979995117464104,0.02832829516581128
BayesianRidge,No,0.9762406482932022,0.008295356553498676
RandomForestRegressor,Yes,0.9999907571945686,2.087440327504668e-06
RandomForestRegressor,No,0.9543044351507766,0.01352223424953249
