Model,R2 Score,MSE,MAE,MAPE
RandomForestRegressor,-3.7658127698167183,1.722090049477884,0.9021624292655898,51.37786612064351
