Model,Use Chain,R2 Score,MSE,MAE,MAPE
SVR,No,-0.493609644322888,0.49849972923931096,0.49570040757317924,35.38399218417663
MLPRegressor,No,-1.4255242343863315,0.8216207099070149,0.6160008910333724,60.60550113357665
BayesianRidge,No,-2.240049210505399,1.0807411774926972,0.6852507856637153,77.20310393228753
ElasticNet,No,-0.1514532009248347,0.37492181286025894,0.42299135002744936,38.82384053086948
RandomForestRegressor,No,0.1669749689062282,0.12292148815206118,0.26226229791596517,13.104111939929378
GradientBoostingRegressor,No,-2.5131283497519985,1.2402886854419037,0.8518281054932539,62.17017720915317
XGBRegressor,No,0.26703494787216187,0.26233530044555664,0.38625508546829224,23.875675840816342
